{
  "main_model": "random_forest",
  "ranking_by_accuracy": [
    [
      "random_forest",
      0.7532467532467533
    ],
    [
      "svm",
      0.7402597402597403
    ],
    [
      "logistic_regression",
      0.7077922077922078
    ]
  ],
  "logistic_regression_metrics": {
    "accuracy": 0.7077922077922078,
    "precision": 0.6,
    "recall": 0.5,
    "confusion_matrix": [
      [
        82,
        18
      ],
      [
        27,
        27
      ]
    ],
    "proba_available": true
  },
  "random_forest_metrics": {
    "accuracy": 0.7532467532467533,
    "precision": 0.6739130434782609,
    "recall": 0.5740740740740741,
    "confusion_matrix": [
      [
        85,
        15
      ],
      [
        23,
        31
      ]
    ],
    "proba_available": true
  },
  "svm_metrics": {
    "accuracy": 0.7402597402597403,
    "precision": 0.6521739130434783,
    "recall": 0.5555555555555556,
    "confusion_matrix": [
      [
        84,
        16
      ],
      [
        24,
        30
      ]
    ],
    "proba_available": true
  }
}